latitude,longitude,elevation,utc_offset_seconds,timezone,timezone_abbreviation,,,,,,,,
33.625,73.125,583,0,GMT,GMT,,,,,,,,
,,,,,,,,,,,,,
time,temperature_2m (°C),relative_humidity_2m (%),dew_point_2m (°C),apparent_temperature (°C),precipitation_probability (%),precipitation (mm),rain (mm),showers (mm),surface_pressure (hPa),visibility (m),cloud_cover_high (%),cloud_cover_mid (%),cloud_cover_low (%)
2025-04-12T00:00,17.7,55,8.6,16.7,0,0,0,0,940.8,24140,0,0,0
2025-04-12T01:00,17.4,54,8,16.3,0,0,0,0,941.2,24140,0,0,0
2025-04-12T02:00,18.7,49,7.8,17.6,0,0,0,0,941.4,24140,0,0,0
2025-04-12T03:00,22.4,39,7.8,21.7,0,0,0,0,942.7,24140,0,0,0
2025-04-12T04:00,25.6,31,7.2,24.4,0,0,0,0,943.5,24140,0,0,0
2025-04-12T05:00,27.9,26,6.7,27.4,0,0,0,0,944.1,24140,0,0,0
2025-04-12T06:00,29.7,25,7.6,30,0,0,0,0,944.6,24140,0,0,0
2025-04-12T07:00,30.9,23,7.4,31.4,0,0,0,0,944.7,24140,0,0,0
2025-04-12T08:00,31.7,22,7.4,32.2,0,0,0,0,944,24140,0,12,0
2025-04-12T09:00,32.1,21,7.1,32.4,0,0,0,0,943,24140,0,16,0
2025-04-12T10:00,32.2,21,7.1,31.5,0,0,0,0,941.9,24140,0,29,0
2025-04-12T11:00,32,22,7.6,30.3,0,0,0,0,941.3,24140,0,58,0
2025-04-12T12:00,31.2,24,8.3,30,0,0,0,0,941.6,24140,0,47,0
2025-04-12T13:00,30.3,26,8.6,29,0,0,0,0,941.8,24140,0,3,0
2025-04-12T14:00,28,32,9.8,27.3,0,0,0,0,942.1,24140,0,0,0
2025-04-12T15:00,26.1,37,10.3,25.6,0,0,0,0,943.1,24140,0,0,0
2025-04-12T16:00,24.2,43,10.9,23.8,0,0,0,0,943.5,24140,0,0,0
2025-04-12T17:00,22.6,48,11.1,22.1,0,0,0,0,943.6,24140,0,0,0
2025-04-12T18:00,22.8,46,10.6,22.1,0,0,0,0,942.8,24140,0,0,0
2025-04-12T19:00,22.2,47,10.4,21.5,0,0,0,0,943.1,24140,0,0,0
2025-04-12T20:00,21.6,49,10.4,20.9,0,0,0,0,942.9,24140,0,0,0
2025-04-12T21:00,20.9,51,10.4,20.2,0,0,0,0,943,24140,0,0,0
2025-04-12T22:00,20.5,52,10.3,19.7,0,0,0,0,942.6,24140,0,0,0
2025-04-12T23:00,20.1,54,10.5,19.4,0,0,0,0,943.1,24140,0,0,0
2025-04-13T00:00,20,55,10.7,19.4,0,0,0,0,942.9,24140,0,0,0
2025-04-13T01:00,19.6,56,10.6,18.9,0,0,0,0,943.7,24140,0,0,0
2025-04-13T02:00,20.9,54,11.3,20.5,0,0,0,0,944.3,24140,0,0,0
2025-04-13T03:00,24.8,44,11.8,24.9,0,0,0,0,945.5,24140,0,0,0
2025-04-13T04:00,27.4,36,11,26.9,0,0,0,0,946.7,24140,0,0,0
2025-04-13T05:00,29.2,32,10.8,29.7,0,0,0,0,946.6,24140,0,0,0
2025-04-13T06:00,30.3,31,11.3,31.6,0,0,0,0,946.9,24140,0,0,0
2025-04-13T07:00,31.9,27,10.6,33.1,0,0,0,0,946.4,24140,0,0,0
2025-04-13T08:00,33.1,24,9.8,33.8,0,0,0,0,945.9,24140,0,0,0
2025-04-13T09:00,33.7,21,8.4,33.8,0,0,0,0,945.2,24140,0,0,0
2025-04-13T10:00,33.9,20,7.8,33.2,0,0,0,0,944.1,24140,0,0,0
2025-04-13T11:00,33.7,20,7.7,32,0,0,0,0,943.5,24140,0,0,0
2025-04-13T12:00,33,23,9.1,31.9,0,0,0,0,943.4,24140,0,0,0
2025-04-13T13:00,32,24,8.9,30.9,0,0,0,0,943.4,24140,0,0,0
2025-04-13T14:00,29.8,31,10.8,29.6,0,0,0,0,943.6,24140,0,0,0
2025-04-13T15:00,27.3,37,11.3,27.1,0,0,0,0,943.9,24140,0,0,0
2025-04-13T16:00,25.3,42,11.5,24.9,0,0,0,0,944.3,24140,0,0,0
2025-04-13T17:00,24.5,43,11.1,24,0,0,0,0,944.3,24140,0,0,0
2025-04-13T18:00,23.6,43,10.3,22.9,0,0,0,0,944.2,24140,0,0,0
2025-04-13T19:00,23,45,10.5,22.4,0,0,0,0,943.4,24140,0,0,0
2025-04-13T20:00,22.4,47,10.6,21.9,0,0,0,0,943.2,24140,0,0,0
2025-04-13T21:00,21.8,49,10.6,21.3,0,0,0,0,942.6,24140,0,0,0
2025-04-13T22:00,21.3,50,10.5,20.8,0,0,0,0,942.4,24140,0,0,0
2025-04-13T23:00,20.9,52,10.7,20.4,0,0,0,0,942,24140,0,0,0
2025-04-14T00:00,20.9,52,10.7,20.4,0,0,0,0,942.5,24140,0,0,0
2025-04-14T01:00,20.5,55,11.2,20.2,0,0,0,0,942.6,24140,0,0,0
2025-04-14T02:00,22,55,12.5,22.2,0,0,0,0,943.5,24140,0,0,0
2025-04-14T03:00,25.4,47,13.3,26,0,0,0,0,944.1,24140,0,0,0
2025-04-14T04:00,28.1,40,13.3,28.3,0,0,0,0,945.4,24140,0,0,0
2025-04-14T05:00,29.9,33,11.9,30.4,0,0,0,0,945.6,24140,0,0,0
2025-04-14T06:00,31.1,31,12,32.6,0,0,0,0,946.4,24140,0,0,0
2025-04-14T07:00,32.5,29,12.2,34.5,0,0,0,0,945.5,24140,0,0,0
2025-04-14T08:00,33.7,27,12.1,35.7,0,0,0,0,945,24140,0,0,0
2025-04-14T09:00,34.5,26,12.2,36.1,0,0,0,0,944.1,24140,0,0,0
2025-04-14T10:00,34.8,27,13.1,36,0,0,0,0,943.3,24140,0,0,0
2025-04-14T11:00,34.7,27,13,35,0,0,0,0,942.3,24140,0,0,0
2025-04-14T12:00,34.8,26,12.5,34.6,0,0,0,0,942.4,24140,0,0,0
2025-04-14T13:00,33.8,25,11.1,33.5,0,0,0,0,942.3,24140,0,0,0
2025-04-14T14:00,31.6,33,13.4,32.4,0,0,0,0,942.6,24140,0,0,0
2025-04-14T15:00,30.2,35,13.1,30.7,0,0,0,0,942.9,24140,0,0,0
2025-04-14T16:00,26.9,45,14,27.3,0,0,0,0,943.4,24140,0,0,0
2025-04-14T17:00,25.3,53,15.1,26,0,0,0,0,943.8,24140,0,0,0
2025-04-14T18:00,25.3,51,14.4,25.7,0,0,0,0,943.9,24140,0,0,0
2025-04-14T19:00,24.8,51,14,25,0,0,0,0,943.8,24140,0,0,0
2025-04-14T20:00,24.6,50,13.5,24.6,0,0,0,0,943.3,24140,0,0,0
2025-04-14T21:00,24.3,51,13.5,24.3,0,0,0,0,942.5,24140,0,0,0
2025-04-14T22:00,24.1,52,13.6,24.2,0,0,0,0,942.5,24140,0,0,0
2025-04-14T23:00,23.7,54,13.9,23.9,0,0,0,0,942.1,24140,0,0,0
2025-04-15T00:00,23.3,54,13.5,23.4,0,0,0,0,943.2,24140,0,0,0
2025-04-15T01:00,22.9,55,13.4,23.1,0,0,0,0,943.6,24140,0,0,0
2025-04-15T02:00,24.3,53,14.1,24.9,0,0,0,0,944.4,24140,0,0,0
2025-04-15T03:00,28,43,14.3,29.1,0,0,0,0,945.2,24140,0,0,0
2025-04-15T04:00,30.2,37,13.9,30.7,0,0,0,0,945.4,24140,0,0,0
2025-04-15T05:00,31.6,36,14.7,33.2,0,0,0,0,945.7,24140,0,0,0
2025-04-15T06:00,32.6,35,15.1,34.9,0,0,0,0,945.9,24140,0,0,0
2025-04-15T07:00,33.8,32,14.8,36.5,0,0,0,0,945.7,24140,0,0,0
2025-04-15T08:00,34.8,30,14.7,37.6,0,0,0,0,945.3,24140,0,0,0
2025-04-15T09:00,35.5,28,14.2,37.9,0,0,0,0,944.4,24140,0,0,0
2025-04-15T10:00,35.9,26,13.4,37.2,0,0,0,0,944,24140,0,0,0
2025-04-15T11:00,35.7,26,13.3,35.8,0,0,0,0,943,24140,0,0,7
2025-04-15T12:00,35.2,28,13.9,35.2,0,0,0,0,943.2,24140,0,15,0
2025-04-15T13:00,34.2,29,13.6,34.3,0,0,0,0,943,24140,0,25,0
2025-04-15T14:00,32.4,34,14.6,33.3,0,0,0,0,943.2,24140,0,3,0
2025-04-15T15:00,30.5,39,15,31.5,0,0,0,0,943.7,24140,0,0,0
2025-04-15T16:00,28.5,44,15.1,29.3,0,0,0,0,943.6,24140,0,0,0
2025-04-15T17:00,27.2,49,15.6,28,0,0,0,0,943.5,24140,0,0,0
2025-04-15T18:00,26.9,49,15.3,27.7,0,0,0,0,943.8,24140,0,0,22
2025-04-15T19:00,26.4,50,15.2,27.1,0,0,0,0,943.6,24140,0,0,20
2025-04-15T20:00,25.8,52,15.2,26.4,0,0,0,0,943.1,24140,0,0,0
2025-04-15T21:00,25.3,54,15.4,26,0,0,0,0,942.8,24140,0,0,0
2025-04-15T22:00,24.8,56,15.4,25.5,0,0,0,0,942.8,24140,0,0,0
2025-04-15T23:00,24.5,57,15.4,25.1,0,0,0,0,942.7,24140,35,0,0
2025-04-16T00:00,24.4,56,15.1,25,3,0,0,0,942.5,24140,86,0,0
2025-04-16T01:00,24.2,57,15.2,24.9,0,0,0,0,943,24140,100,0,0
2025-04-16T02:00,25.4,56,16,26.5,0,0,0,0,943.4,24140,78,0,0
2025-04-16T03:00,28.5,46,15.8,29.5,0,0,0,0,944.6,24140,4,0,0
2025-04-16T04:00,30.6,40,15.5,31,8,0,0,0,944.8,24140,11,0,0
2025-04-16T05:00,32.2,37,15.7,33.4,13,0,0,0,945.2,24140,53,0,0
2025-04-16T06:00,33.2,35,15.7,35.3,28,0,0,0,944.8,24140,5,0,0
2025-04-16T07:00,34.1,32,15.1,35.6,35,0,0,0,944.5,24140,0,0,0
2025-04-16T08:00,33.8,32,14.8,36.1,35,0,0,0,944.5,24140,0,14,0
2025-04-16T09:00,30.6,42,16.3,30.6,43,0.9,0,0.9,944.4,24140,100,66,0
2025-04-16T10:00,30,47,17.4,30.6,48,0.2,0,0.2,943.5,24140,100,37,0
2025-04-16T11:00,30.6,43,16.6,30.7,38,0,0,0,942.4,24140,100,3,3
2025-04-16T12:00,30.9,40,15.8,30.8,43,0,0,0,942.4,24140,100,30,0
2025-04-16T13:00,29.1,45,16,29,30,0,0,0,942.9,24140,100,0,0
2025-04-16T14:00,28.1,47,15.7,28.4,28,0,0,0,943.6,16400,100,31,0
2025-04-16T15:00,26.9,50,15.6,27.7,18,0,0,0,944,8360,91,0,0
2025-04-16T16:00,26,50,14.8,26.2,23,0,0,0,943.3,24140,47,28,0
2025-04-16T17:00,23.4,63,16,22.7,15,1.3,0,1.3,944.2,24140,100,32,0
2025-04-16T18:00,23.2,53,13.1,22.8,3,0,0,0,943.8,24140,0,0,0
2025-04-16T19:00,22.9,55,13.4,22.9,5,0,0,0,943.6,24140,0,5,0
2025-04-16T20:00,22.4,57,13.5,22.7,5,0,0,0,943.1,24140,0,39,0
2025-04-16T21:00,22,59,13.7,22.3,5,0,0,0,942.4,24140,0,6,0
2025-04-16T22:00,22.1,61,14.3,23.3,3,0,0,0,942.3,24140,0,29,0
2025-04-16T23:00,21.2,65,14.4,22.1,3,0,0,0,942.4,24140,0,27,0
2025-04-17T00:00,20.5,65,13.7,21.1,0,0,0,0,943,24140,0,20,0
2025-04-17T01:00,20.2,67,13.9,20.9,3,0,0,0,943.2,24140,0,29,0
2025-04-17T02:00,21.7,64,14.6,22.8,5,0,0,0,943.3,24140,0,8,0
2025-04-17T03:00,25.8,50,14.6,26.9,0,0,0,0,944.1,24140,0,0,0
2025-04-17T04:00,28.3,41,13.8,28.7,0,0,0,0,944.5,24140,0,0,0
2025-04-17T05:00,30.6,36,13.8,31.6,3,0,0,0,944.8,24140,0,0,0
2025-04-17T06:00,30.5,38,14.6,32.4,0,0,0,0,945.1,24140,0,0,0
2025-04-17T07:00,32.3,34,14.4,34.5,0,0,0,0,944.7,24140,0,0,0
2025-04-17T08:00,33.6,30,13.7,35.4,0,0,0,0,943.9,24140,0,0,0
2025-04-17T09:00,34.5,27,12.8,35.5,0,0,0,0,942.8,24140,0,0,0
2025-04-17T10:00,34.9,26,12.5,35.2,0,0,0,0,941.8,24140,0,0,0
2025-04-17T11:00,34.7,27,13,34.1,0,0,0,0,940.7,24140,100,0,0
2025-04-17T12:00,33.4,29,12.9,33.2,0,0,0,0,940.2,24140,100,0,0
2025-04-17T13:00,32.4,31,13.1,32.7,0,0,0,0,939.9,24140,100,0,0
2025-04-17T14:00,30.4,39,14.9,31.6,0,0,0,0,940.3,24140,100,0,0
2025-04-17T15:00,27.8,47,15.5,29,0,0,0,0,940.5,24140,10,0,0
2025-04-17T16:00,26,51,15.1,26.7,0,0,0,0,940.4,24140,25,0,0
2025-04-17T17:00,25.5,49,14,25.8,0,0,0,0,940.6,24140,100,0,0
2025-04-17T18:00,25.6,47,13.5,25.9,13,0,0,0,941.1,24140,100,11,0
2025-04-17T19:00,25.9,46,13.4,25.9,8,0,0,0,940.6,24140,100,80,0
2025-04-17T20:00,25.7,46,13.2,25.9,23,0,0,0,940.2,24140,0,47,0
2025-04-17T21:00,24.9,48,13.2,24.8,23,0,0,0,939.6,24140,100,63,0
2025-04-17T22:00,25.2,45,12.4,24.7,30,0,0,0,939.8,24140,100,96,0
2025-04-17T23:00,24.2,51,13.5,23.6,23,0,0,0,940.5,24140,100,100,0
2025-04-18T00:00,23.8,53,13.6,23.3,30,0.2,0,0.2,940.3,24140,100,49,0
2025-04-18T01:00,23.9,54,14.1,23.8,18,0.2,0,0.2,940.2,24140,0,42,0
2025-04-18T02:00,24.9,51,14.1,25.1,13,0,0,0,941.1,24140,4,59,18
2025-04-18T03:00,27.2,38,11.6,26,23,0,0,0,941.3,24140,100,43,0
2025-04-18T04:00,27.2,38,11.6,26.2,20,0.6,0,0.6,942.8,24140,100,36,0
2025-04-18T05:00,29.8,32,11.3,29,23,0,0,0,942.9,24140,100,34,0
2025-04-18T06:00,32.6,28,11.8,33.3,13,0,0,0,941.4,24140,100,38,0
2025-04-18T07:00,33.4,28,12.4,35.4,8,0.3,0,0.3,941.1,24140,100,45,0
2025-04-18T08:00,35.1,24,11.5,36.2,3,0,0,0,940.2,24140,56,48,0
2025-04-18T09:00,35.9,22,10.9,36.3,5,0,0,0,939.4,24140,97,34,6
2025-04-18T10:00,36,22,11,35.8,3,0,0,0,938.5,24140,100,34,0
2025-04-18T11:00,35.6,22,10.6,34.2,0,0,0,0,937.4,24140,100,18,0
2025-04-18T12:00,34.9,26,12.6,34.8,0,0,0,0,937.1,24140,100,35,0
2025-04-18T13:00,33.7,29,13.2,33.4,20,0,0,0,936.9,24140,100,45,0
2025-04-18T14:00,31.1,32,12.5,29.9,13,0,0,0,936.2,15120,100,15,0
2025-04-18T15:00,23.2,73,18.1,22.7,40,2.2,0,2.2,939.2,24140,100,84,0
2025-04-18T16:00,22.4,76,17.9,22.7,78,1.1,0,1.1,940,15360,100,100,0
2025-04-18T17:00,22.8,67,16.4,23.4,73,0.5,0,0.5,938.6,24140,100,49,0
2025-04-18T18:00,23.6,62,15.9,24.5,78,0,0,0,936.9,15560,100,79,0
2025-04-18T19:00,21.1,81,17.7,22.4,90,4.8,0,4.8,939,24140,100,100,43
2025-04-18T20:00,20.6,82,17.4,22,88,5.5,0.5,5,939.1,24140,100,91,65
2025-04-18T21:00,20.4,82,17.3,22.5,73,3.2,0,3.2,938.6,23400,100,100,62
2025-04-18T22:00,20.4,79,16.7,20.7,53,0.9,0,0.9,937.2,15000,100,57,29
2025-04-18T23:00,21.1,73,16.1,22,45,0,0,0,937.3,8780,100,43,31
2025-04-19T00:00,21.1,68,14.9,20.7,33,0,0,0,937.6,24140,100,53,0
2025-04-19T01:00,21.3,64,14.2,21.1,13,0,0,0,937.9,24140,15,50,0
2025-04-19T02:00,22,62,14.4,22.5,8,0,0,0,938.7,24140,0,56,0
2025-04-19T03:00,24.1,54,14.2,24.6,10,0,0,0,939.7,24140,0,34,0
2025-04-19T04:00,26.3,43,12.7,25.5,23,0,0,0,940,24140,0,25,0
2025-04-19T05:00,28,41,13.6,28.3,15,0,0,0,939.9,24140,0,0,27
2025-04-19T06:00,27.5,47,15.2,26.1,10,1,0,1,939.9,24140,0,45,46
2025-04-19T07:00,28.9,44,15.5,28.6,28,0,0,0,939.5,24140,0,69,25
2025-04-19T08:00,29.1,46,16.3,29.8,48,0,0,0,939.3,24140,0,37,9
2025-04-19T09:00,29.6,45,16.4,30.2,45,0,0,0,938.4,24140,100,29,28
2025-04-19T10:00,29.2,46,16.4,29.8,45,0,0,0,937.8,24140,100,35,55
2025-04-19T11:00,28.5,48,16.4,29.4,38,0.1,0,0.1,937.3,24140,100,79,54
2025-04-19T12:00,25.9,51,15,25.4,30,0.4,0,0.4,935.9,24140,0,18,29
2025-04-19T13:00,22.2,67,15.8,21.3,40,1.6,0,1.6,937,24140,100,44,62
2025-04-19T14:00,20.5,68,14.4,18.9,43,1,0,1,937.3,24140,0,0,21
2025-04-19T15:00,20.5,68,14.4,19.9,28,0,0,0,938,24140,0,30,28
2025-04-19T16:00,20.8,63,13.5,19.6,18,0,0,0,938,24140,0,15,0
2025-04-19T17:00,20.5,62,13,19.3,8,0,0,0,938.4,24140,0,11,0
2025-04-19T18:00,22.5,58,13.9,21.7,3,0,0,0,936.8,24140,0,6,3
2025-04-19T19:00,22.3,57,13.4,21.4,5,0,0,0,936.8,24140,0,0,12
2025-04-19T20:00,22.1,57,13.2,21,15,0,0,0,936.3,24140,0,0,0
2025-04-19T21:00,21.9,56,12.8,21,13,0,0,0,936.1,24140,0,0,0
2025-04-19T22:00,21.5,59,13.1,21.4,28,0,0,0,935.9,24140,0,0,0
2025-04-19T23:00,20.5,64,13.4,20.7,23,0,0,0,936.9,24140,0,0,0
2025-04-20T00:00,20.7,69,14.8,21.4,43,0,0,0,936.3,24140,0,34,0
2025-04-20T01:00,20.5,70,14.9,21.5,13,0,0,0,936.9,24140,0,41,4
2025-04-20T02:00,21.4,71,15.9,23,15,0,0,0,937.5,24140,0,44,23
2025-04-20T03:00,23.2,60,15,23.8,18,0,0,0,939,24140,0,7,59
2025-04-20T04:00,23.9,59,15.4,24.3,43,0.1,0,0.1,940.1,24140,0,3,52
2025-04-20T05:00,23.3,59,14.9,22.7,60,0.2,0,0.2,941.1,24140,100,30,67
2025-04-20T06:00,27,47,14.8,27,70,0,0,0,940,24140,0,50,45
2025-04-20T07:00,27.2,48,15.2,28,50,0,0,0,940.2,24140,100,4,69
2025-04-20T08:00,27.7,48,15.7,28.4,25,0.4,0,0.4,940.3,24140,100,51,72
2025-04-20T09:00,25.6,54,15.6,24.8,18,0.6,0,0.6,940.1,24140,46,29,20
2025-04-20T10:00,26,50,14.8,25.1,25,0,0,0,939.4,24140,0,11,0
2025-04-20T11:00,25.3,50,14.2,24,20,0,0,0,938.7,24140,100,50,0
2025-04-20T12:00,26.5,50,15.3,26,18,0.6,0,0.6,937.3,23460,0,8,0
2025-04-20T13:00,25,51,14.2,24.7,53,0,0,0,938.2,24140,100,55,0
2025-04-20T14:00,24.3,55,14.7,24.4,73,0,0,0,939.8,24140,100,63,29
2025-04-20T15:00,21.5,63,14.1,21,45,1.5,0,1.5,941.2,24140,100,74,59
2025-04-20T16:00,20.3,68,14.2,19.3,23,0.7,0,0.7,941.8,24140,0,44,45
2025-04-20T17:00,20.8,62,13.2,19.4,3,0,0,0,941.5,24140,0,0,26
2025-04-20T18:00,21.7,54,12,19.7,0,0,0,0,941.5,24140,0,0,0
2025-04-20T19:00,21.5,55,12.1,19.7,0,0,0,0,941.4,24140,0,0,0
2025-04-20T20:00,21.2,53,11.3,19.4,0,0,0,0,941.5,24140,0,0,0
2025-04-20T21:00,21,50,10.2,19.1,0,0,0,0,941.5,24140,0,0,0
2025-04-20T22:00,21.1,49,10,19.2,5,0,0,0,941.1,24140,0,0,0
2025-04-20T23:00,20.9,49,9.8,19.8,3,0,0,0,941.5,24140,0,0,0
2025-04-21T00:00,19.7,55,10.4,19,3,0,0,0,941.2,24140,0,0,0
2025-04-21T01:00,18.3,61,10.6,17.7,0,0,0,0,942.1,24140,0,0,0
2025-04-21T02:00,20.2,58,11.7,20,0,0,0,0,943.1,24140,0,0,0
2025-04-21T03:00,24.1,46,11.7,24,0,0,0,0,944.6,24140,0,0,0
2025-04-21T04:00,26.5,40,11.8,26.7,0,0,0,0,945.2,24140,0,0,0
2025-04-21T05:00,28.6,37,12.5,30,0,0,0,0,945.6,24140,0,0,0
2025-04-21T06:00,31.5,31,12.4,32.7,0,0,0,0,945.4,24140,0,0,0
2025-04-21T07:00,32.5,29,12.2,33.3,0,0,0,0,945.1,24140,0,21,0
2025-04-21T08:00,33.3,26,11.2,33.7,0,0,0,0,944.8,24140,0,19,0
2025-04-21T09:00,33.6,22,9,32.7,3,0,0,0,944.1,24140,0,0,0
2025-04-21T10:00,33.5,19,6.7,30.8,0,0,0,0,943.7,24140,100,59,0
2025-04-21T11:00,32.7,18,5.3,29.8,3,0,0,0,943.5,24140,75,40,0
2025-04-21T12:00,32.2,19,5.6,29.6,5,0,0,0,943.9,24140,0,0,0
2025-04-21T13:00,30.8,24,7.9,29.5,3,0,0,0,944.2,24140,0,23,0
2025-04-21T14:00,28.1,32,9.9,27.4,8,0,0,0,944.7,24140,0,46,0
2025-04-21T15:00,25.8,38,10.4,25,5,0,0,0,945.2,24140,0,52,0
2025-04-21T16:00,24.4,40,9.9,23.3,8,0,0,0,945.6,24140,0,55,0
2025-04-21T17:00,23.9,38,8.7,22.4,3,0,0,0,945.7,24140,0,63,0
2025-04-21T18:00,22.9,37,7.5,21.2,3,0,0,0,945,24140,0,47,0
2025-04-21T19:00,22.8,39,8.2,21.3,0,0,0,0,944.7,24140,0,71,0
2025-04-21T20:00,22.3,42,8.8,21.1,0,0,0,0,944.8,24140,0,69,0
2025-04-21T21:00,22,41,8.2,20.4,0,0,0,0,944.8,24140,0,71,0
2025-04-21T22:00,21.9,40,7.7,20.1,0,0,0,0,944.7,24140,0,67,0
2025-04-21T23:00,21.6,40,7.5,19.8,3,0,0,0,945.1,24140,0,61,0
2025-04-22T00:00,22.2,43,9.1,20.9,3,0,0,0,944.5,24140,0,59,0
2025-04-22T01:00,21.8,45,9.3,20.6,3,0,0,0,944.8,24140,0,50,0
2025-04-22T02:00,23,45,10.5,22.2,0,0,0,0,945.4,24140,0,43,0
2025-04-22T03:00,26,39,11,25.3,0,0,0,0,946.5,24140,0,33,0
2025-04-22T04:00,28.4,33,10.6,27.9,0,0,0,0,947.2,24140,0,25,0
2025-04-22T05:00,30.3,29,10.3,31.3,0,0,0,0,947.5,24140,0,0,0
2025-04-22T06:00,31.3,30,11.7,32.7,0,0,0,0,947.5,24140,0,0,0
2025-04-22T07:00,32.1,29,11.8,33.5,0,0,0,0,947.3,24140,0,0,0
2025-04-22T08:00,32.7,27,11.3,33.9,0,0,0,0,947.1,24140,0,0,0
2025-04-22T09:00,33.3,22,8.7,33.4,0,0,0,0,946.4,24140,0,0,0
2025-04-22T10:00,33.4,17,5,31.9,0,0,0,0,945.5,24140,0,0,0
2025-04-22T11:00,33.1,15,3,30.4,0,0,0,0,944.5,24140,0,0,0
2025-04-22T12:00,33,13,0.9,29.6,0,0,0,0,944.3,24140,0,0,0
2025-04-22T13:00,31.3,16,2.5,28.6,0,0,0,0,944.3,24140,0,0,0
2025-04-22T14:00,28.5,23,5.4,26.7,0,0,0,0,944.6,24140,0,0,0
2025-04-22T15:00,25.9,30,7,24.5,0,0,0,0,945.1,24140,0,0,0
2025-04-22T16:00,22.9,38,7.9,21.4,0,0,0,0,945.3,24140,0,0,0
2025-04-22T17:00,22.4,34,5.8,20.2,0,0,0,0,945,24140,0,0,0
2025-04-22T18:00,21.7,32,4.3,19.2,0,0,0,0,944.9,24140,0,0,0
2025-04-22T19:00,21.3,35,5.2,19,0,0,0,0,944.3,24140,0,0,0
2025-04-22T20:00,20.8,38,5.9,18.7,0,0,0,0,944.1,24140,0,0,0
2025-04-22T21:00,20.4,39,6,18.4,0,0,0,0,943.6,24140,0,0,0
2025-04-22T22:00,20.1,40,6.1,18.1,0,0,0,0,943.4,24140,0,0,0
2025-04-22T23:00,19.9,41,6.3,18,0,0,0,0,943.4,24140,0,0,0
2025-04-23T00:00,19.8,42,6.5,18.1,0,0,0,0,942.7,24140,0,0,0
2025-04-23T01:00,19.3,44,6.8,17.7,0,0,0,0,943.4,24140,0,0,0
2025-04-23T02:00,21,46,8.9,20,0,0,0,0,943.8,24140,0,0,0
2025-04-23T03:00,24.9,38,9.6,24.3,0,0,0,0,944.5,24140,1,0,0
2025-04-23T04:00,27.6,30,8.5,26.8,0,0,0,0,944.8,24140,3,0,0
2025-04-23T05:00,29.6,28,9.2,29.9,0,0,0,0,945,24140,5,0,0
2025-04-23T06:00,31.6,24,8.6,32,0,0,0,0,944.4,24140,8,0,0
2025-04-23T07:00,33.2,22,8.6,33.5,0,0,0,0,944.2,24140,11,0,0
2025-04-23T08:00,34.1,19,7.2,33.8,0,0,0,0,943.3,24140,15,0,0
2025-04-23T09:00,34.3,17,5.7,33.3,0,0,0,0,942.9,24140,89,0,0
2025-04-23T10:00,34.1,16,4.7,32.2,0,0,0,0,941.9,24140,98,0,0
2025-04-23T11:00,33.6,15,3.4,30.6,0,0,0,0,941.3,24140,100,0,0
2025-04-23T12:00,33.1,13,1,29.4,0,0,0,0,941.3,24140,0,0,0
2025-04-23T13:00,31.7,15,1.9,28.5,0,0,0,0,941.2,24140,100,0,0
2025-04-23T14:00,29,21,4.5,26.9,0,0,0,0,941.8,24140,100,0,0
2025-04-23T15:00,26.3,29,6.8,24.7,0,0,0,0,941.9,24140,93,0,0
2025-04-23T16:00,23.8,36,7.9,22.3,0,0,0,0,942.1,24140,0,0,0
2025-04-23T17:00,22.8,36,6.9,20.9,0,0,0,0,941.8,24140,0,0,0
2025-04-23T18:00,22.6,34,5.9,20.5,0,0,0,0,941.3,24140,6,0,0
2025-04-23T19:00,22,33,5,19.7,0,0,0,0,941,24140,31,0,0
2025-04-23T20:00,21.5,33,4.6,19.1,0,0,0,0,940.5,24140,0,0,0
2025-04-23T21:00,21.2,32,3.9,18.6,0,0,0,0,939.9,24140,5,0,0
2025-04-23T22:00,21,31,3.2,18.3,0,0,0,0,939.9,24140,12,0,0
2025-04-23T23:00,20.8,31,3.1,18.1,0,0,0,0,939.7,24140,80,0,0
2025-04-24T00:00,21,36,5.4,18.8,0,0,0,0,939.2,24140,100,0,0
2025-04-24T01:00,21,37,5.7,19,3,0,0,0,939.8,24140,100,0,0
2025-04-24T02:00,22.2,41,8.4,21.1,0,0,0,0,940.6,24140,100,64,0
2025-04-24T03:00,25.3,37,9.6,24.7,5,0,0,0,941.9,24140,100,54,0
2025-04-24T04:00,28,29,8.3,27.1,5,0,0,0,942.4,24140,7,0,0
2025-04-24T05:00,30,26,8.4,30.5,8,0,0,0,942.8,24140,0,0,0
2025-04-24T06:00,32.4,21,7.3,32.9,3,0,0,0,942.4,24140,0,0,0
2025-04-24T07:00,33.6,19,6.8,34.1,0,0,0,0,942.2,24140,0,0,0
2025-04-24T08:00,34.3,18,6.6,34.6,3,0,0,0,942.1,24140,39,24,0
2025-04-24T09:00,34.1,16,4.7,33.2,3,0,0,0,941.4,24140,100,23,0
2025-04-24T10:00,34,16,4.6,32.4,3,0,0,0,940.7,24140,100,11,0
2025-04-24T11:00,33.5,16,4.3,30.9,3,0,0,0,940,24140,100,3,0
2025-04-24T12:00,33.5,15,3.3,30.6,0,0,0,0,940,24140,100,68,0
2025-04-24T13:00,32,16,3.1,29.4,5,0,0,0,940.5,24140,100,25,0
2025-04-24T14:00,30,22,6,28.5,3,0,0,0,941,24140,72,0,0
2025-04-24T15:00,28.1,27,7.4,26.9,0,0,0,0,941.4,24140,93,0,0
2025-04-24T16:00,24.8,32,7,23,0,0,0,0,940.9,24140,100,38,0
2025-04-24T17:00,24.1,34,7.3,22.4,0,0.2,0,0.2,941.3,24140,0,20,0
2025-04-24T18:00,24.6,27,4.3,22,0,0,0,0,940.6,24140,0,0,0
2025-04-24T19:00,24.2,26,3.5,21.4,0,0,0,0,940.7,24140,0,40,0
2025-04-24T20:00,23.9,26,3.3,21.2,0,0,0,0,940.2,24140,0,52,0
2025-04-24T21:00,23.4,26,2.8,20.7,0,0,0,0,940.2,24140,0,39,0
2025-04-24T22:00,22.8,28,3.3,20.2,0,0,0,0,940.6,24140,0,4,0
2025-04-24T23:00,22.2,28,2.8,19.6,0,0,0,0,940.9,24140,0,10,0
2025-04-25T00:00,21.8,32,4.4,19.6,0,0,0,0,941.3,24140,0,0,0
2025-04-25T01:00,21.5,33,4.5,19.4,0,0,0,0,941.8,24140,0,0,0
2025-04-25T02:00,23.1,35,6.8,21.6,0,0,0,0,942.6,24140,0,0,0
2025-04-25T03:00,26.2,31,7.8,25.2,0,0,0,0,943.3,24140,0,35,0
2025-04-25T04:00,28.8,26,7.4,27.8,0,0,0,0,944.2,24140,0,37,0
2025-04-25T05:00,30.9,22,6.7,30.7,0,0,0,0,944.7,24140,0,32,0
2025-04-25T06:00,32.5,21,7.3,32.8,0,0,0,0,944.8,24140,0,0,0
2025-04-25T07:00,33.7,20,7.7,34.4,0,0,0,0,944.5,24140,0,0,0
2025-04-25T08:00,34.7,17,6.1,34.9,0,0,0,0,944.1,24140,0,0,0
2025-04-25T09:00,35.2,14,3.7,34.3,0,0,0,0,943.5,24140,0,0,0
2025-04-25T10:00,35.4,12,1.7,33.4,0,0,0,0,942.9,24140,0,0,0
2025-04-25T11:00,35.1,11,0.2,31.9,0,0,0,0,942,24140,0,0,0
2025-04-25T12:00,34.7,12,1.2,31.7,0,0,0,0,942.2,24140,0,0,0
2025-04-25T13:00,33.5,13,1.3,30.7,0,0,0,0,942.1,24140,0,0,0
2025-04-25T14:00,31.2,19,4.9,29.5,0,0,0,0,942.4,24140,0,0,0
2025-04-25T15:00,28.1,25,6.2,26.3,0,0,0,0,942.5,24140,0,0,0
2025-04-25T16:00,26.1,28,6.2,24.1,0,0,0,0,942.2,24140,0,0,0
2025-04-25T17:00,25.5,26,4.6,23.2,0,0,0,0,942.2,24140,0,0,0
2025-04-25T18:00,25.2,26,4.4,22.8,0,0,0,0,941.8,24140,10,0,0
2025-04-25T19:00,24.7,26,3.9,22.2,0,0,0,0,941.3,24140,71,0,0
2025-04-25T20:00,24.2,26,3.5,21.6,5,0,0,0,940.9,24140,100,0,0
2025-04-25T21:00,25.2,23,2.6,21.8,5,0,0,0,940.5,24140,100,18,0
2025-04-25T22:00,25.2,26,4.4,23.4,0,0,0,0,941.3,24140,100,66,0
2025-04-25T23:00,23.7,31,5.6,21.6,10,0,0,0,941.8,24140,100,100,0
2025-04-26T00:00,22.3,35,6.1,20.5,10,0,0,0,941.5,24140,100,15,0
2025-04-26T01:00,22.9,32,5.3,20.8,33,0,0,0,941.7,24140,100,88,0
2025-04-26T02:00,25,28,5.2,22,33,0,0,0,942.3,24140,100,46,0
2025-04-26T03:00,25,34,8.1,21.9,25,0.2,0,0.2,944.2,24140,100,51,0
2025-04-26T04:00,24.8,36,8.7,23.6,13,0,0,0,945.1,24140,100,100,0
2025-04-26T05:00,23,48,11.4,22,0,0.5,0.4,0.2,945.4,24140,100,100,0
2025-04-26T06:00,30.2,23,6.8,27.5,0,0,0,0,944.9,24140,100,47,0
2025-04-26T07:00,32.8,19,6.2,32.6,0,0,0,0,944.8,24140,0,0,0
2025-04-26T08:00,34.2,17,5.7,34.9,3,0,0,0,943.7,24140,0,0,0
2025-04-26T09:00,34.7,16,5.2,34.6,0,0,0,0,943.1,24140,0,0,0
2025-04-26T10:00,34.5,16,5,32.9,0,0,0,0,942.4,24140,0,46,0
2025-04-26T11:00,33.8,16,4.5,31.1,0,0,0,0,941.9,24140,0,33,0
2025-04-26T12:00,33.7,17,5.3,32.3,0,0,0,0,941.7,24140,0,0,0
2025-04-26T13:00,33,17,4.7,31.4,0,0,0,0,942,24140,0,0,0
2025-04-26T14:00,31.2,25,8.8,30.6,0,0,0,0,942.7,24140,0,0,0
2025-04-26T15:00,28.4,26,7.1,26.8,0,0,0,0,942.9,24140,0,0,0
2025-04-26T16:00,26.5,24,4.3,24.1,0,0,0,0,942.6,24140,0,0,0
2025-04-26T17:00,25.6,22,2.3,22.9,0,0,0,0,942.5,24140,0,0,0
2025-04-26T18:00,25,24,3,22.6,0,0,0,0,942.9,24140,0,0,0
2025-04-26T19:00,24.2,24,2.3,21.6,0,0,0,0,942.8,24140,0,0,0
2025-04-26T20:00,23.5,25,2.4,21,0,0,0,0,942.4,24140,0,0,0
2025-04-26T21:00,23,25,1.9,20.3,0,0,0,0,942,24140,0,0,0
2025-04-26T22:00,22.6,24,1,19.7,0,0,0,0,941.8,24140,0,0,0
2025-04-26T23:00,22.3,24,0.8,19.4,0,0,0,0,941.7,24140,0,0,0
2025-04-27T00:00,21.4,29,2.7,19,0,0,0,0,942.3,24140,0,0,0
2025-04-27T01:00,21.2,30,2.9,18.9,0,0,0,0,942.6,24140,0,0,0
2025-04-27T02:00,23,31,4.9,21.2,0,0,0,0,943.4,24140,0,0,0
2025-04-27T03:00,26.8,26,5.7,25.5,0,0,0,0,944.3,24140,0,0,0
2025-04-27T04:00,30.1,19,3.9,28.5,0,0,0,0,944.9,24140,0,0,0
2025-04-27T05:00,32.6,16,3.5,31.9,0,0,0,0,945.3,24140,0,0,0
2025-04-27T06:00,34.5,16,5.1,34.8,0,0,0,0,945.3,24140,0,0,0
2025-04-27T07:00,36.1,14,4.4,36.4,0,0,0,0,944.9,24140,0,0,0
2025-04-27T08:00,37,13,4,36.9,0,0,0,0,944,24140,0,0,0
2025-04-27T09:00,37.4,13,4.4,36.8,0,0,0,0,943.1,24140,0,0,0
2025-04-27T10:00,37.4,13,4.4,35.7,0,0,0,0,942.4,24140,0,0,0
2025-04-27T11:00,37,14,5.1,34.2,0,0,0,0,941.9,24140,0,0,0
2025-04-27T12:00,36.5,14,4.7,33.6,0,0,0,0,942.2,24140,0,0,0
2025-04-27T13:00,35.3,14,3.8,32.5,0,0,0,0,942.2,24140,0,0,0
2025-04-27T14:00,32.6,18,5.2,30.7,0,0,0,0,942.5,24140,0,0,0
2025-04-27T15:00,30.1,22,6.1,28.5,0,0,0,0,942.7,24140,0,0,0
2025-04-27T16:00,27.8,26,6.5,26.2,0,0,0,0,942.6,24140,0,0,0
2025-04-27T17:00,26.5,28,6.5,24.8,0,0,0,0,942.3,24140,0,0,0
2025-04-27T18:00,25.8,31,7.4,24.3,0,0,0,0,942.2,24140,0,0,0
2025-04-27T19:00,25.4,31,7,23.8,0,0,0,0,941.8,24140,0,0,0
2025-04-27T20:00,24.9,31,6.6,23.3,0,0,0,0,941.5,24140,0,0,0
2025-04-27T21:00,24.2,32,6.4,22.5,0,0,0,0,940.9,24140,0,0,0
2025-04-27T22:00,23.6,31,5.5,21.8,0,0,0,0,940.8,24140,0,0,0
2025-04-27T23:00,23,32,5.4,21.1,0,0,0,0,940.5,24140,0,0,0
2025-04-28T00:00,22.8,34,6.1,21.1,0,0,0,0,940.6,24140,0,0,0
2025-04-28T01:00,22.5,34,5.8,20.8,0,0,0,0,940.8,24140,0,0,0
2025-04-28T02:00,24.4,35,7.9,23.5,0,0,0,0,941.3,24140,0,0,0
2025-04-28T03:00,27.9,29,8.3,27.3,0,0,0,0,941.9,24140,0,0,0
2025-04-28T04:00,30.7,22,6.6,29.5,0,0,0,0,942.5,24140,0,0,0
2025-04-28T05:00,32.9,19,6.3,32.5,0,0,0,0,943.1,24140,0,0,0
2025-04-28T06:00,35.7,14,4.1,35.5,0,0,0,0,942.7,24140,0,0,0
2025-04-28T07:00,37.4,12,3.2,37.4,0,0,0,0,942.7,24140,0,0,0
2025-04-28T08:00,38.8,10,1.7,38.2,0,0,0,0,942,24140,0,0,0
2025-04-28T09:00,39.6,9,0.8,38.2,0,0,0,0,941,24140,0,0,0
2025-04-28T10:00,39.9,10,2.5,38.2,0,0,0,0,940.6,24140,0,0,0
2025-04-28T11:00,39.5,10,2.2,36.7,0,0,0,0,939.9,24140,0,0,0
2025-04-28T12:00,38.6,13,5.3,36.1,0,0,0,0,939.8,24140,0,0,0
2025-04-28T13:00,37.4,13,4.3,35,0,0,0,0,939.3,24140,0,0,0
2025-04-28T14:00,34.4,18,6.7,32.8,0,0,0,0,939.2,24140,0,0,0
2025-04-28T15:00,31.6,21,6.6,30.1,0,0,0,0,939.5,24140,0,0,0
2025-04-28T16:00,28.6,24,6.1,26.8,0,0,0,0,939.4,24140,0,0,0
2025-04-28T17:00,27.6,22,4,25.3,0,0,0,0,939.6,24140,0,0,0
2025-04-28T18:00,27.6,19,1.9,24.9,0,0,0,0,939.6,24140,0,0,0
2025-04-28T19:00,27.3,18,0.9,24.4,0,0,0,0,939.7,24140,0,0,0
2025-04-28T20:00,26.6,18,0.4,23.7,0,0,0,0,939.3,24140,0,0,0
2025-04-28T21:00,25.9,19,0.5,23.1,0,0,0,0,939.2,24140,0,0,0
2025-04-28T22:00,25.4,20,0.8,22.6,0,0,0,0,938.8,24140,0,0,0
2025-04-28T23:00,24.9,22,1.7,22.3,0,0,0,0,938.8,24140,0,0,0
2025-04-29T00:00,23.9,32,6.2,22.4,0,0,0,0,938.8,24140,0,0,0
2025-04-29T01:00,23.4,33,6.2,21.8,0,0,0,0,939.4,24140,0,0,0
2025-04-29T02:00,24.4,36,8.4,23.4,0,0,0,0,940.3,24140,0,0,0
2025-04-29T03:00,28.9,26,7.5,27.9,0,0,0,0,941.7,24140,0,0,0
2025-04-29T04:00,32.2,18,4.9,30.5,0,0,0,0,943.1,24140,0,0,0
2025-04-29T05:00,34.5,17,5.9,33.1,0,0,0,0,943.1,24140,0,0,0
2025-04-29T06:00,35.7,17,6.9,35.1,0,0,0,0,943.4,24140,0,0,0
2025-04-29T07:00,36.8,16,6.9,36.7,0,0,0,0,943,24140,0,0,0
2025-04-29T08:00,37.8,15,6.8,38,0,0,0,0,942.6,24140,0,0,0
2025-04-29T09:00,38.6,14,6.4,38.5,0,0,0,0,941.7,24140,0,0,0
2025-04-29T10:00,39,14,6.7,38.3,0,0,0,0,940.6,24140,0,0,0
2025-04-29T11:00,39,13,5.6,37.3,0,0,0,0,939.5,24140,0,0,0
2025-04-29T12:00,37.4,19,9.9,36.3,0,0,0,0,939.7,24140,0,0,0
2025-04-29T13:00,36.5,20,10,35.6,0,0,0,0,939.7,24140,0,0,0
2025-04-29T14:00,34.2,25,11.4,34.1,0,0,0,0,939.9,24140,0,0,0
2025-04-29T15:00,32.1,30,12.4,32.3,0,0,0,0,940.6,24140,0,0,0
2025-04-29T16:00,28.7,38,13,28.7,0,0,0,0,940.4,24140,0,0,0
2025-04-29T17:00,27.4,41,13,27.3,0,0,0,0,940.8,24140,1,0,0
2025-04-29T18:00,28,34,10.7,27.2,0,0,0,0,940.1,24140,0,0,0
2025-04-29T19:00,27.4,35,10.6,26.5,0,0,0,0,940.8,24140,0,0,0
2025-04-29T20:00,26.7,37,10.8,25.9,0,0,0,0,940.5,24140,0,0,0
2025-04-29T21:00,26.2,38,10.8,25.3,0,0,0,0,940.8,24140,0,0,0
2025-04-29T22:00,25.7,40,11.1,24.9,0,0,0,0,940.6,24140,0,0,0
2025-04-29T23:00,25.3,42,11.5,24.6,0,0,0,0,940.9,24140,0,0,0
2025-04-30T00:00,24.8,47,12.8,24.6,0,0,0,0,940.6,24140,0,0,0
2025-04-30T01:00,24.7,49,13.3,24.6,0,0,0,0,942.1,24140,0,0,0
2025-04-30T02:00,26.7,49,15.1,27.3,0,0,0,0,942.8,24140,0,0,0
2025-04-30T03:00,30.2,39,14.7,30.7,0,0,0,0,944.5,24140,0,0,0
2025-04-30T04:00,31.8,35,14.5,31.3,0,0,0,0,944.8,24140,0,0,0
2025-04-30T05:00,32.9,33,14.5,33.3,0,0,0,0,945.6,24140,0,0,0
2025-04-30T06:00,33.9,31,14.4,35,0,0,0,0,944.6,24140,0,0,0
2025-04-30T07:00,35.1,30,15,36.8,0,0,0,0,944,24140,0,0,0
2025-04-30T08:00,36.2,27,14.3,37.9,0,0,0,0,943.2,24140,0,0,0
2025-04-30T09:00,37,24,13.1,38.1,0,0,0,0,942.6,24140,0,0,0
2025-04-30T10:00,37.4,23,12.8,38,0,0,0,0,942,24140,0,0,0
2025-04-30T11:00,37.3,22,12.1,37,0,0,0,0,941.1,24140,0,0,0
2025-04-30T12:00,37.1,23,12.5,36.8,0,0,0,0,940.8,24140,0,0,0
2025-04-30T13:00,36.2,24,12.4,36.1,0,0,0,0,940.8,24140,0,0,0
2025-04-30T14:00,34.2,29,13.7,35,0,0,0,0,941.2,24140,0,0,0
2025-04-30T15:00,32.4,34,14.6,33.4,0,0,0,0,941.6,24140,0,0,0
2025-04-30T16:00,29.7,41,15,30.5,0,0,0,0,941.4,24140,0,0,0
2025-04-30T17:00,28.2,46,15.5,29.1,0,0,0,0,941.8,24140,0,0,0
2025-04-30T18:00,29.1,41,14.5,29.5,0,0,0,0,941.8,24140,15,0,0
2025-04-30T19:00,28.4,44,15,28.8,0,0,0,0,941.8,24140,0,0,0
2025-04-30T20:00,27.9,45,14.9,28.3,3,0,0,0,941.2,24140,0,0,0
2025-04-30T21:00,27.5,47,15.2,28,10,0,0,0,941.4,24140,0,0,0
2025-04-30T22:00,27.2,48,15.3,27.7,13,0,0,0,941.7,24140,0,0,0
2025-04-30T23:00,26.2,54,16.2,27.4,8,0.8,0,0.8,942.7,24140,100,47,13
2025-05-01T00:00,26.8,49,15.2,27.4,3,0,0,0,942.3,24140,100,87,0
2025-05-01T01:00,26.9,52,16.2,28.2,18,0,0,0,942.6,24140,100,0,0
2025-05-01T02:00,27.8,54,17.7,29.8,25,0,0,0,943.6,24140,100,0,0
2025-05-01T03:00,29.4,50,17.9,31.9,23,0,0,0,944.4,24140,100,0,0
2025-05-01T04:00,30.7,43,16.7,32.1,30,0.1,0,0.1,945.1,24140,100,12,0
2025-05-01T05:00,31.5,42,17.1,32.8,18,0,0,0,946.1,24140,100,18,0
2025-05-01T06:00,33.5,37,16.8,34.8,25,1.1,0,1.1,945.7,24140,100,61,0
2025-05-01T07:00,29.2,53,18.7,30.4,28,1.5,0,1.5,945.5,24140,100,2,0
2025-05-01T08:00,30.4,49,18.5,32.3,30,0,0,0,945.5,24140,100,4,0
2025-05-01T09:00,31.9,44,18.2,34,33,0,0,0,944.9,24140,100,8,0
2025-05-01T10:00,32.5,41,17.6,33.7,10,0,0,0,943.8,24140,100,0,0
2025-05-01T11:00,32.6,41,17.7,33.8,18,0,0,0,943.4,24140,100,0,3
2025-05-01T12:00,31.6,44,17.9,33,0,0,0,0,942.8,24140,100,82,35
2025-05-01T13:00,30.6,47,18,32.2,13,0,0,0,943,24140,100,3,0
2025-05-01T14:00,29.9,53,19.3,32.7,10,0,0,0,943,24140,100,0,0
2025-05-01T15:00,28.9,58,19.8,31.9,3,0,0,0,943.2,24140,0,0,0
2025-05-01T16:00,28.2,58,19.1,30.8,5,0,0,0,943.2,24140,100,0,0
2025-05-01T17:00,27.2,61,19,29.9,8,0,0,0,943.4,24140,76,0,0
2025-05-01T18:00,26.3,57,17.1,28,3,0,0,0,942.7,24140,79,0,0
2025-05-01T19:00,25.6,61,17.6,27.7,3,0,0,0,943,24140,100,0,0
2025-05-01T20:00,24.8,64,17.5,26.9,18,0,0,0,942.7,24140,100,0,0
2025-05-01T21:00,24.5,66,17.8,26.9,20,0,0,0,943,24140,100,0,0
2025-05-01T22:00,23.9,70,18.1,26.4,30,0,0,0,943.1,24140,100,0,0
2025-05-01T23:00,23.3,73,18.2,25.7,28,0,0,0,943.4,24140,100,0,0
2025-05-02T00:00,21.4,71,16,22.7,25,0,0,0,943.3,23660,88,0,0
2025-05-02T01:00,20.7,76,16.3,21.5,5,1,0,1,944.7,8340,100,29,43
2025-05-02T02:00,20.7,77,16.6,21.3,20,1.7,0,1.7,945.3,24140,100,24,37
2025-05-02T03:00,23,68,16.8,24.4,25,0,0,0,946.1,14480,100,0,0
2025-05-02T04:00,24.5,62,16.8,25.4,28,0,0,0,947.3,24140,100,4,56
2025-05-02T05:00,22.4,77,18.2,23.3,33,2.4,0,2.4,948.2,24140,100,65,85
2025-05-02T06:00,25.6,57,16.5,26.1,20,0.1,0,0.1,947.3,24140,100,0,33
2025-05-02T07:00,25.9,57,16.7,26.4,18,0,0,0,946.7,24140,100,0,38
2025-05-02T08:00,26.8,52,16.1,26.8,18,0,0,0,945.4,24140,100,29,0
2025-05-02T09:00,27.9,50,16.5,28.2,13,0,0,0,945.1,24140,100,47,0
2025-05-02T10:00,28.2,49,16.5,28.6,15,0,0,0,944.1,24140,100,83,18
2025-05-02T11:00,28.5,48,16.5,29,8,0,0,0,943.7,24140,100,0,0
2025-05-02T12:00,26.4,54,16.4,27.1,0,0,0,0,944.4,24140,100,0,0
2025-05-02T13:00,25.8,57,16.7,26.8,3,0,0,0,944,24140,100,0,3
2025-05-02T14:00,24.8,63,17.3,26.4,0,0,0,0,944.2,24140,98,0,0
2025-05-02T15:00,23.7,70,17.9,26,0,0,0,0,944.2,24140,58,0,0
2025-05-02T16:00,23.1,76,18.7,26.2,0,0,0,0,944.6,23580,100,0,0
2025-05-02T17:00,22.6,77,18.4,25.3,0,0,0,0,944.2,24140,100,0,0
2025-05-02T18:00,22.2,74,17.4,24.3,0,0,0,0,944.7,24140,100,0,0
2025-05-02T19:00,22.1,76,17.7,24.5,5,0,0,0,944.2,24140,100,0,0
2025-05-02T20:00,21.7,77,17.5,23.8,0,0,0,0,943.7,24140,100,0,0
2025-05-02T21:00,21.6,75,17,23.5,8,0,0,0,943.2,24140,100,0,0
2025-05-02T22:00,21.3,75,16.7,23.3,18,0,0,0,942.8,24140,18,0,0
2025-05-02T23:00,20.6,78,16.7,22.5,18,0,0,0,943,24140,100,29,0
2025-05-03T00:00,20.6,70,14.9,21.7,15,0,0,0,943,24140,74,31,0
2025-05-03T01:00,20.4,72,15.2,21.7,5,0,0,0,943.1,24140,100,14,0
2025-05-03T02:00,21.9,68,15.7,23.4,0,0,0,0,943.7,24140,100,0,0
2025-05-03T03:00,24.5,56,15.1,26.1,0,0,0,0,944,24140,100,0,0
2025-05-03T04:00,26.7,46,14.1,27.7,0,0,0,0,944.4,24140,100,24,0
2025-05-03T05:00,28.2,42,14.1,29.4,0,0,0,0,944.4,24140,100,39,0
2025-05-03T06:00,29.5,38,13.7,30.4,5,0,0,0,944.7,24140,100,34,0
2025-05-03T07:00,30.1,37,13.8,31.4,10,0.1,0,0.1,944.3,24140,100,45,24
2025-05-03T08:00,30.1,37,13.8,31.1,30,0.2,0,0.2,944.1,24140,100,44,37
2025-05-03T09:00,30.2,35,13.1,30.7,25,0,0,0,942.8,24140,100,50,43
2025-05-03T10:00,29.9,35,12.8,29.5,5,0,0,0,942.6,24140,100,35,40
2025-05-03T11:00,29.5,37,13.3,29.2,15,0,0,0,941.7,24140,100,9,25
2025-05-03T12:00,29.9,38,14,29.8,10,0,0,0,941.2,24140,100,76,54
2025-05-03T13:00,28.6,42,14.5,28.4,3,0,0,0,941.3,24140,100,0,0
2025-05-03T14:00,27.1,51,16.1,27.7,0,0,0,0,941,24140,100,0,0
2025-05-03T15:00,25.9,58,17,27.6,0,0,0,0,941,24140,100,0,0
2025-05-03T16:00,25,61,17,26.9,0,0,0,0,941.1,24140,100,0,0
2025-05-03T17:00,24.1,65,17.1,25.9,0,0,0,0,941.2,24140,100,0,0
2025-05-03T18:00,23.9,56,14.6,24.5,3,0,0,0,942.1,24140,100,0,0
2025-05-03T19:00,23.6,55,14,23.9,5,0,0,0,941.5,24140,30,0,0
2025-05-03T20:00,23.2,56,13.9,23.5,18,0,0,0,940.5,24140,28,0,0
2025-05-03T21:00,22.9,57,13.9,23.3,8,0,0,0,940,24140,100,0,0
2025-05-03T22:00,22.7,57,13.7,23.2,10,0,0,0,939.5,24140,100,0,0
2025-05-03T23:00,22.4,58,13.7,22.9,0,0,0,0,939.5,24140,100,0,0
2025-05-04T00:00,21.8,58,13.2,22.2,5,0,0,0,939.6,23580,100,0,0
2025-05-04T01:00,21.6,60,13.5,22.2,3,0,0,0,939.9,24140,100,0,0
2025-05-04T02:00,23,60,14.8,24.2,0,0,0,0,940.9,24140,100,0,0
2025-05-04T03:00,25.2,51,14.4,26,10,0,0,0,941.5,15660,98,0,0
2025-05-04T04:00,26.9,48,15,27.7,8,0,0,0,943,24140,100,10,0
2025-05-04T05:00,27.1,49,15.5,27.2,5,0,0,0,943.6,24140,100,36,0
2025-05-04T06:00,29,44,15.5,30.2,15,0,0,0,942.9,24140,100,45,0
2025-05-04T07:00,29.4,44,15.9,31.9,28,0,0,0,942.7,24140,100,7,0
2025-05-04T08:00,30.5,38,14.6,32,25,0,0,0,941.9,24140,100,37,2
2025-05-04T09:00,31.4,35,14.1,33.4,20,0,0,0,941.2,24140,100,7,20
2025-05-04T10:00,31.1,36,14.3,31.5,3,0.1,0,0.1,940.5,24140,100,42,34
2025-05-04T11:00,30.1,41,15.4,30.5,10,0,0,0,940.1,5320,100,29,28
2025-05-04T12:00,27.7,51,16.7,29.1,20,0,0,0,940.5,24140,100,0,0
2025-05-04T13:00,27.5,50,16.2,28.7,3,0,0,0,940.4,24140,100,0,0
2025-05-04T14:00,26.8,53,16.5,28.4,3,0,0,0,940.5,24140,100,0,0
2025-05-04T15:00,25.8,59,17.2,27.7,0,0,0,0,940.5,24140,100,0,0
2025-05-04T16:00,25.1,64,17.8,27.3,0,0,0,0,940.9,24140,89,0,0
2025-05-04T17:00,24.3,69,18.2,26.5,0,0,0,0,941.2,24140,100,0,0
2025-05-04T18:00,22.6,71,17.1,24.4,0,0,0,0,942.9,24140,100,0,0
2025-05-04T19:00,22.4,69,16.4,23.8,0,0,0,0,942.5,24140,100,0,0
2025-05-04T20:00,22.1,67,15.7,23.4,0,0,0,0,942,24140,100,0,0
2025-05-04T21:00,21.8,66,15.1,22.9,0,0,0,0,941.7,24140,100,0,0
2025-05-04T22:00,21.3,65,14.5,22.2,0,0,0,0,941.6,24140,16,0,0
2025-05-04T23:00,20.8,65,14,21.4,0,0,0,0,941.7,24140,82,3,0
2025-05-05T00:00,19.7,63,12.5,19.8,0,0,0,0,940.9,24140,95,0,0
2025-05-05T01:00,19.8,65,13.1,20.1,0,0,0,0,941.5,24140,100,0,0
2025-05-05T02:00,21.5,64,14.4,22.6,0,0,0,0,942.1,24140,100,4,0
2025-05-05T03:00,24.6,51,13.8,25.5,0,0,0,0,943.6,24140,100,0,0
2025-05-05T04:00,26.4,45,13.5,27,0,0,0,0,944.2,24140,100,6,0
2025-05-05T05:00,28.4,39,13.1,29.4,0,0,0,0,944.8,24140,100,16,0
2025-05-05T06:00,28.2,43,14.4,30.1,0,0,0,0,944.8,24140,100,24,0
2025-05-05T07:00,29.6,41,14.9,32.3,0,0,0,0,944.3,24140,98,12,0
2025-05-05T08:00,30.6,39,15.1,33.7,5,0,0,0,943.5,24140,16,0,0
2025-05-05T09:00,31.3,36,14.4,33.4,0,0,0,0,943,24140,100,3,19
2025-05-05T10:00,31.6,34,13.8,33,0,0,0,0,942.3,24140,100,0,27
2025-05-05T11:00,31.4,34,13.7,31.4,0,0,0,0,941.9,24140,100,13,35
2025-05-05T12:00,30.2,39,14.7,31,0,0,0,0,941.8,24140,85,0,7
2025-05-05T13:00,29.6,41,14.9,30.3,0,0,0,0,941.7,24140,57,0,52
2025-05-05T14:00,28.4,45,15.4,29.4,0,0,0,0,941.7,24140,29,0,39
2025-05-05T15:00,27,53,16.6,28.7,0,0,0,0,942.2,24140,94,0,28
2025-05-05T16:00,26.1,59,17.4,28.4,0,0,0,0,942.8,24140,100,0,25
2025-05-05T17:00,25.5,62,17.7,27.9,0,0,0,0,943.2,24140,100,0,14
2025-05-05T18:00,24.7,61,16.7,26.5,0,0,0,0,942.6,24140,100,0,26
2025-05-05T19:00,24,66,17.2,25.8,3,0,0,0,942.3,24140,69,0,16
2025-05-05T20:00,23.5,67,17,25.2,0,0,0,0,941.7,24140,5,0,14
2025-05-05T21:00,23.1,70,17.3,25,0,0,0,0,941.3,24140,3,0,31
2025-05-05T22:00,22.6,73,17.5,24.7,0,0,0,0,941.6,24140,1,0,38
2025-05-05T23:00,22.3,75,17.6,24.3,0,0,0,0,941.8,24140,13,10,40
2025-05-06T00:00,21.7,74,16.8,23.3,0,0,0,0,941.5,24140,99,3,28
2025-05-06T01:00,21.8,74,16.9,23.5,0,0,0,0,942,24140,90,30,35
2025-05-06T02:00,23.6,69,17.6,25.8,0,0,0,0,942.5,15700,31,36,39
2025-05-06T03:00,25.9,55,16.2,27.1,3,0,0,0,943.7,24140,2,44,41
2025-05-06T04:00,27.3,50,16,28.4,3,0,0,0,944,24140,94,47,37
2025-05-06T05:00,28.9,46,16.2,31.1,5,0,0,0,944.5,24140,50,32,14
2025-05-06T06:00,29.3,44,15.8,32.3,0,0,0,0,944.7,24140,100,52,31
2025-05-06T07:00,29.7,42,15.5,32.1,5,0,0,0,944.3,24140,100,8,25
2025-05-06T08:00,30.8,38,14.8,34,0,0,0,0,943.4,24140,100,48,24
2025-05-06T09:00,30.8,38,14.9,32.9,0,0,0,0,942.5,24140,100,34,0
2025-05-06T10:00,31.5,37,15,33.8,0,0,0,0,941.7,24140,100,0,14
2025-05-06T11:00,31.7,36,14.8,32.9,0,0,0,0,941,24140,67,0,11
2025-05-06T12:00,31.8,35,14.4,32.7,0,0,0,0,940.5,24140,0,0,0
2025-05-06T13:00,31.1,37,14.7,32.1,0,0,0,0,940.5,24140,0,0,0
2025-05-06T14:00,30,42,15.7,31.4,0,0,0,0,940.3,24140,0,0,0
2025-05-06T15:00,28.7,50,17.2,31,0,0,0,0,941.2,24140,0,0,0
2025-05-06T16:00,28,54,17.8,30.6,0,0,0,0,941.2,24140,0,0,0
2025-05-06T17:00,26.6,57,17.4,28.6,0,0,0,0,941.5,24140,0,0,0
2025-05-06T18:00,24.5,67,18,26.6,0,0,0,0,940.4,24140,0,0,0
2025-05-06T19:00,24.2,66,17.5,26,0,0,0,0,940.9,24140,0,0,0
2025-05-06T20:00,23.8,66,17.1,25.5,0,0,0,0,940.5,24140,0,0,0
2025-05-06T21:00,23.4,66,16.7,24.9,0,0,0,0,940.5,24140,0,0,0
2025-05-06T22:00,23.2,66,16.5,24.5,0,0,0,0,940.4,24140,0,30,12
2025-05-06T23:00,23,66,16.3,24.3,0,0,0,0,940.5,24140,0,43,15
2025-05-07T00:00,23.2,63,15.8,24.3,0,0,0,0,940.9,24140,0,31,6
2025-05-07T01:00,23.2,64,16,24.5,0,0,0,0,941.3,24140,0,21,4
2025-05-07T02:00,25.3,60,17,27.1,3,0,0,0,941.6,24140,0,7,0
2025-05-07T03:00,28.2,48,16.1,29.8,0,0,0,0,942.9,24140,0,16,9
2025-05-07T04:00,29.6,43,15.7,30.2,0,0,0,0,943,24140,0,58,36
2025-05-07T05:00,30.2,45,16.9,31.1,3,0,0,0,943.3,24140,0,63,67
2025-05-07T06:00,31.1,39,15.5,33.2,3,0.1,0,0.1,943.8,24140,100,59,23
2025-05-07T07:00,31.5,38,15.5,34,10,0.3,0,0.3,943.5,24140,100,25,46
2025-05-07T08:00,32,36,15.1,34.5,10,0,0,0,942.9,24140,100,0,25
2025-05-07T09:00,32.3,35,14.9,34.8,5,0,0,0,942.7,24140,100,0,33
2025-05-07T10:00,32.2,35,14.8,33.7,3,0,0,0,941.6,24140,100,16,24
2025-05-07T11:00,32.2,35,14.8,33,0,0,0,0,941.2,24140,100,0,16
2025-05-07T12:00,32.9,33,14.5,34.1,3,0,0,0,940.1,24140,0,3,14
2025-05-07T13:00,32.3,34,14.4,33.3,0,0,0,0,940,24140,51,3,15
2025-05-07T14:00,31.4,38,15.4,33,0,0,0,0,940.1,24140,0,28,7
2025-05-07T15:00,30.3,43,16.3,32.1,0,0,0,0,940.3,24140,0,30,0
2025-05-07T16:00,28,52,17.2,29.6,0,0,0,0,940.8,24140,0,42,0
2025-05-07T17:00,27,56,17.5,28.5,0,0,0,0,941.2,24140,0,33,0
2025-05-07T18:00,27.3,50,16,28.2,0,0,0,0,940.5,24140,69,94,0
2025-05-07T19:00,26.9,53,16.5,27.9,5,0,0,0,940.7,24140,3,42,0
2025-05-07T20:00,26.2,55,16.5,27.1,23,0,0,0,940.2,24140,7,14,0
2025-05-07T21:00,25.6,58,16.8,26.7,23,0.3,0,0.3,941.1,24140,100,58,27
2025-05-07T22:00,24.3,66,17.5,25.6,30,0.3,0,0.3,941.2,24140,100,34,24
2025-05-07T23:00,24,67,17.5,25.6,55,0,0,0,941.4,24140,100,39,16
2025-05-08T00:00,25.1,55,15.4,25.5,40,0,0,0,940.8,24140,100,7,4
2025-05-08T01:00,24.3,61,16.3,25.7,40,0.4,0,0.4,941.7,24140,100,67,33
2025-05-08T02:00,24.2,63,16.7,25.7,30,0.5,0,0.5,942,24140,100,16,6
2025-05-08T03:00,25.9,58,17,27.8,30,0,0,0,942.6,24140,100,0,0
2025-05-08T04:00,23.9,72,18.6,25.1,18,1.9,0,1.9,944.6,24140,100,75,47
2025-05-08T05:00,25.8,63,18.3,27.5,25,0,0,0,944.2,24140,100,22,0
2025-05-08T06:00,28.4,53,17.9,30.2,35,0,0,0,944.8,24140,0,43,0
2025-05-08T07:00,29.4,50,17.9,33.5,18,0.4,0,0.4,944.5,24140,100,25,73
2025-05-08T08:00,29.2,50,17.7,31.8,25,0.3,0,0.3,944,24140,100,0,22
2025-05-08T09:00,30,47,17.4,32.3,25,0,0,0,943.6,24140,100,0,43
2025-05-08T10:00,29.6,48,17.4,31.4,20,0.3,0,0.3,943.2,24140,100,11,47
2025-05-08T11:00,29.7,48,17.5,31.4,18,0,0,0,942.9,24140,100,0,21
2025-05-08T12:00,27.7,58,18.7,30.4,5,0.3,0,0.3,943.6,24140,73,0,5
2025-05-08T13:00,27.6,58,18.6,30.3,13,0,0,0,943.1,24140,100,0,17
2025-05-08T14:00,27.2,59,18.5,29.9,8,0,0,0,943.3,24140,100,0,0
2025-05-08T15:00,26.7,63,19.1,29.4,5,0,0,0,943.7,24140,95,0,0
2025-05-08T16:00,26.1,66,19.3,28.8,3,0,0,0,944,24140,100,0,0
2025-05-08T17:00,25.7,69,19.6,28.5,0,0,0,0,943.7,14780,100,0,0
2025-05-08T18:00,24.1,73,19,26.9,0,0,0,0,943.4,24140,100,14,0
2025-05-08T19:00,23.8,75,19.1,26.6,0,0,0,0,942.7,24140,100,13,0
2025-05-08T20:00,23.3,77,19,25.8,0,0,0,0,942.9,24140,88,43,0
2025-05-08T21:00,23.1,76,18.6,25.5,10,0,0,0,942.7,22800,100,19,0
2025-05-08T22:00,23,74,18.1,25.5,13,0,0,0,943,22900,100,35,0
2025-05-08T23:00,22.7,75,18,25,15,0,0,0,943.2,15480,100,60,0
2025-05-09T00:00,21.1,77,16.9,23,5,0,0,0,943.1,24140,99,63,0
2025-05-09T01:00,21.1,77,16.9,23.1,20,0,0,0,943.2,24140,100,67,0
2025-05-09T02:00,22.3,77,18.1,24.8,5,0,0,0,943.9,24140,100,91,0
2025-05-09T03:00,24.6,63,17.1,26.6,3,0,0,0,944.7,24140,99,87,0
2025-05-09T04:00,26,61,17.9,28.1,3,0,0,0,945.4,24140,92,75,0
2025-05-09T05:00,27.9,54,17.7,30.1,3,0,0,0,945.8,24140,100,68,0
2025-05-09T06:00,28.8,48,16.7,31.5,3,0,0,0,947.3,24140,100,33,0
2025-05-09T07:00,29.8,44,16.3,32.6,0,0,0,0,946.7,24140,100,34,0
2025-05-09T08:00,31.3,39,15.7,35,0,0,0,0,945.9,24140,8,6,0
2025-05-09T09:00,32.3,36,15.3,35.7,3,0,0,0,945.3,24140,68,0,0
2025-05-09T10:00,32.6,34,14.7,34.6,20,0,0,0,944.7,24140,41,46,10
2025-05-09T11:00,32.6,33,14.3,33.4,23,0,0,0,943.8,24140,0,0,5
2025-05-09T12:00,31.9,35,14.5,33.1,13,0,0,0,944,24140,0,42,39
2025-05-09T13:00,31.1,37,14.7,31.9,0,0,0,0,943.2,24140,0,0,26
2025-05-09T14:00,29,48,16.9,30.7,5,0,0,0,943.7,24140,0,0,0
2025-05-09T15:00,27.1,60,18.7,29.5,3,0,0,0,943.1,24140,0,0,0
2025-05-09T16:00,25.8,68,19.5,28.6,0,0,0,0,943.2,24140,0,0,0
2025-05-09T17:00,24.9,69,18.9,27.4,0,0,0,0,942.9,24140,0,0,0
2025-05-09T18:00,24.2,66,17.4,26.1,0,0,0,0,943.2,24140,0,0,0
2025-05-09T19:00,23.5,66,16.8,25.1,0,0,0,0,943,24140,0,0,0
2025-05-09T20:00,23,67,16.5,24.5,0,0,0,0,942.4,24140,90,0,0
2025-05-09T21:00,22.4,69,16.5,23.9,0,0,0,0,942.1,24140,37,0,0
2025-05-09T22:00,22,70,16.3,23.4,0,0,0,0,941.9,24140,62,0,0
2025-05-09T23:00,21.5,71,16,22.8,0,0,0,0,942,24140,0,0,0
2025-05-10T00:00,20.8,71,15.3,21.8,0,0,0,0,943,24140,0,0,0
2025-05-10T01:00,20.8,71,15.4,22,0,0,0,0,943.1,24140,0,0,0
2025-05-10T02:00,22.9,68,16.7,24.7,0,0,0,0,943.6,24140,0,0,0
2025-05-10T03:00,26.3,54,16.3,28.3,0,0,0,0,944.5,24140,0,0,0
2025-05-10T04:00,28.6,43,14.8,30.1,0,0,0,0,944.7,24140,0,0,0
2025-05-10T05:00,30.5,39,15,32.7,0,0,0,0,944.9,24140,0,0,0
2025-05-10T06:00,31.7,36,14.8,34.5,0,0,0,0,945.4,24140,0,0,0
2025-05-10T07:00,33.1,32,14.2,35.8,0,0,0,0,944.7,24140,0,0,0
2025-05-10T08:00,34,28,12.9,36.2,0,0,0,0,944.3,24140,0,0,0
2025-05-10T09:00,34.5,26,12.2,36.2,0,0,0,0,943.6,24140,0,0,0
2025-05-10T10:00,34.6,24,11.1,35.3,0,0,0,0,942.8,24140,0,0,0
2025-05-10T11:00,34.3,25,11.5,34.1,0,0,0,0,941.8,24140,0,0,0
2025-05-10T12:00,33.9,27,12.3,33.5,0,0,0,0,941.5,24140,0,0,0
2025-05-10T13:00,32.8,29,12.5,32.6,0,0,0,0,941.4,24140,0,0,0
2025-05-10T14:00,30.4,41,15.7,31.7,0,0,0,0,941.6,24140,55,0,0
2025-05-10T15:00,28.2,51,17.1,30,0,0,0,0,942,24140,100,0,0
2025-05-10T16:00,26.7,57,17.5,28.5,0,0,0,0,942,24140,48,0,0
2025-05-10T17:00,25.6,59,17,27.1,0,0,0,0,942.1,24140,0,0,0
2025-05-10T18:00,24.8,57,15.7,25.7,0,0,0,0,941.9,24140,100,0,0
2025-05-10T19:00,24.1,59,15.6,24.9,0,0,0,0,941.4,24140,0,0,0
2025-05-10T20:00,23.5,60,15.3,24.3,0,0,0,0,941,24140,0,0,0
2025-05-10T21:00,23,61,15.1,23.8,0,0,0,0,940.6,24140,0,0,0
2025-05-10T22:00,22.4,62,14.8,23.1,0,0,0,0,940.7,23500,0,0,0
2025-05-10T23:00,22,63,14.6,22.6,0,0,0,0,940.6,24140,0,0,0
2025-05-11T00:00,22.2,60,14.1,22.7,0,0,0,0,941.5,24140,0,0,0
2025-05-11T01:00,22.3,61,14.4,23,3,0,0,0,941.8,24140,0,0,0
2025-05-11T02:00,24.5,59,15.9,25.8,3,0,0,0,942.4,24140,0,0,0
2025-05-11T03:00,27.8,46,15.1,29,0,0,0,0,943.3,24140,0,0,0
2025-05-11T04:00,29.9,37,13.6,31.1,0,0,0,0,943.4,24140,0,0,0
2025-05-11T05:00,31.4,33,13.2,33.3,3,0,0,0,943.5,24140,0,0,0
2025-05-11T06:00,33.2,30,13.3,35.9,3,0,0,0,943.8,24140,0,32,0
2025-05-11T07:00,34.3,27,12.6,37.1,3,0,0,0,943.1,24140,6,21,8
2025-05-11T08:00,34.8,25,11.9,36.5,0,0,0,0,942.1,24140,100,61,0
2025-05-11T09:00,33.8,28,12.7,33.8,8,0.4,0,0.4,941.7,24140,100,67,0
2025-05-11T10:00,33.7,27,12.1,34.4,10,0.1,0,0.1,940.9,24140,100,38,0
2025-05-11T11:00,33.7,26,11.5,33.9,5,0,0,0,940.1,24140,81,46,0
2025-05-11T12:00,34.2,25,11.4,34.1,3,0,0,0,939.8,24140,0,51,0
2025-05-11T13:00,33.1,28,12.1,32.7,10,0,0,0,939.6,24140,32,22,0
2025-05-11T14:00,31.1,34,13.4,30.8,3,0,0,0,939.7,24140,100,0,0
2025-05-11T15:00,29.2,39,13.8,29.3,0,0,0,0,939.7,24140,87,0,0
2025-05-11T16:00,27.4,46,14.7,27.9,0,0,0,0,940,24140,0,11,0
2025-05-11T17:00,26.1,51,15.2,27,0,0,0,0,940,24140,67,0,0
2025-05-11T18:00,25.6,45,12.8,25.7,0,0,0,0,940.6,24140,3,12,0
2025-05-11T19:00,24.8,47,12.7,24.8,0,0,0,0,940.2,24140,85,8,0
2025-05-11T20:00,24.1,48,12.4,23.8,5,0,0,0,939.8,24140,0,2,0
2025-05-11T21:00,23.6,48,12,23.2,3,0,0,0,939.8,24140,0,0,0
2025-05-11T22:00,23.3,48,11.7,22.7,10,0,0,0,939.4,24140,0,0,0
2025-05-11T23:00,23,47,11.1,22.4,5,0,0,0,939.6,24140,0,0,0
2025-05-12T00:00,23,42,9.4,21.9,8,0,0,0,940.4,24140,22,0,0
2025-05-12T01:00,23,43,9.8,22.1,5,0,0,0,940.6,24140,7,0,0
2025-05-12T02:00,25.5,40,10.9,25.1,15,0,0,0,941.4,24140,0,0,0
2025-05-12T03:00,28.4,32,10.1,28,13,0,0,0,942.1,24140,56,0,0
2025-05-12T04:00,30.6,27,9.5,30.4,15,0,0,0,942.4,24140,73,0,0
2025-05-12T05:00,32.3,24,9.1,32.6,8,0,0,0,942.6,24140,89,0,0
2025-05-12T06:00,32.8,26,10.8,34,5,0,0,0,942.2,24140,0,0,0
2025-05-12T07:00,33.9,25,11.1,35.6,3,0,0,0,942.2,24140,98,0,0
2025-05-12T08:00,34,24,10.6,35.1,5,0,0,0,941.4,24140,100,60,0
2025-05-12T09:00,34.1,24,10.7,34.4,15,0,0,0,941.3,24140,100,6,0
2025-05-12T10:00,34,23,10,33.6,3,0,0,0,940.4,24140,100,0,0
2025-05-12T11:00,33.8,23,9.8,32.5,5,0,0,0,940.4,24140,100,0,0
2025-05-12T12:00,33.4,25,10.7,32.7,0,0,0,0,939.9,24140,74,0,0
2025-05-12T13:00,32.8,26,10.8,32.1,13,0,0,0,939.7,24140,93,0,0
2025-05-12T14:00,31.6,29,11.4,31.3,3,0,0,0,939.8,24140,70,0,0
2025-05-12T15:00,29.7,35,12.6,30,3,0,0,0,939.8,24140,100,0,0
2025-05-12T16:00,28.1,41,13.6,28.3,3,0,0,0,940.2,24140,40,0,0
2025-05-12T17:00,27.1,41,12.7,26.9,8,0,0,0,940.1,22760,7,0,0
2025-05-12T18:00,26.1,40,11.5,25.6,15,0,0,0,939.9,24140,0,0,0
2025-05-12T19:00,25.6,41,11.4,25.1,28,0,0,0,939.8,24140,0,13,0
2025-05-12T20:00,25.7,41,11.5,24.4,25,0,0,0,939.7,24140,100,63,0
2025-05-12T21:00,25.5,44,12.3,25.2,15,0,0,0,939.3,24140,100,25,0
2025-05-12T22:00,24.7,46,12.3,24.5,8,0,0,0,939,24140,2,0,0
2025-05-12T23:00,24.2,46,11.8,23.8,3,0,0,0,939.3,24140,1,0,0
2025-05-13T00:00,23.6,47,11.7,23.4,0,0,0,0,939.2,24140,0,0,0
2025-05-13T01:00,23.6,48,12,23.6,0,0,0,0,940.1,24140,0,0,0
2025-05-13T02:00,25.8,47,13.6,26.4,3,0,0,0,941,24140,0,0,0
2025-05-13T03:00,28.6,36,12.1,28.9,5,0,0,0,942.1,24140,0,0,0
2025-05-13T04:00,30.8,31,11.7,31.2,8,0,0,0,942.6,24140,0,0,0
2025-05-13T05:00,32.1,29,11.9,33,8,0,0,0,943.1,24140,0,0,0
2025-05-13T06:00,33.9,29,13.4,35.8,0,0,0,0,942.8,24140,0,0,0
2025-05-13T07:00,34.9,27,13.1,37,0,0,0,0,942.5,24140,0,0,0
2025-05-13T08:00,35.7,25,12.6,37.9,0,0,0,0,941.9,24140,0,0,7
2025-05-13T09:00,36.1,23,11.7,37.3,0,0,0,0,940.9,24140,0,52,0
2025-05-13T10:00,36.1,21,10.3,35.3,0,0,0,0,940.7,24140,0,37,0
2025-05-13T11:00,35.7,21,10,34.4,0,0,0,0,940.1,24140,0,38,0
2025-05-13T12:00,35,22,10.1,33.5,0,0,0,0,939.8,24140,0,2,0
2025-05-13T13:00,34.1,22,9.4,32.6,0,0,0,0,939.5,24140,0,0,0
2025-05-13T14:00,32.4,26,10.5,31.9,0,0,0,0,939.9,24140,0,0,0
2025-05-13T15:00,30.1,32,11.6,29.9,0,0,0,0,939.8,24140,0,0,0
2025-05-13T16:00,28.2,37,12.1,28,0,0,0,0,940.1,24140,0,0,0
2025-05-13T17:00,27.3,37,11.3,26.8,0,0,0,0,940.3,24140,0,0,0
2025-05-13T18:00,26.4,37,10.5,25.5,0,0,0,0,940.3,24140,0,0,0
2025-05-13T19:00,25.9,38,10.5,25,0,0,0,0,940.3,24140,0,0,0
2025-05-13T20:00,25.4,40,10.8,24.6,0,0,0,0,939.9,24140,0,0,0
2025-05-13T21:00,24.8,42,11,24.2,0,0,0,0,939.7,24140,0,0,0
2025-05-13T22:00,24.2,44,11.2,23.7,0,0,0,0,939.7,24140,0,0,0
2025-05-13T23:00,23.7,45,11,23.1,0,0,0,0,940,24140,0,0,0
